{
  "vehicle": [
    {
      "type": "vehicle",
      "id": 0,
      "topLeftCoords": [
        45.641029,
        333.691406
      ],
      "bottomRightCoords": [
        398.846191,
        678.515625
      ]
    },
    {
      "type": "vehicle",
      "id": 1,
      "topLeftCoords": [
        250.641029,
        0.691406
      ],
      "bottomRightCoords": [
        398.846191,
        178.515625
      ]
    }
  ],
  "pedestrian": [
    {
      "type": "pedestrian",
      "id": 0,
      "topLeftCoords": [
        750.641029,
        0.691406
      ],
      "bottomRightCoords": [
        798.846191,
        278.515625
      ]
    }
  ]
}
