{"vehicle":[],"pedestrian":[]}type": "vehicle",
      "id": 0,
      "topLeftCoords": [
        792.147461,
        288.427734
      ],
      "bottomRightCoords": [
        890.961609,
        359.355469
      ]
    }
  ],
  "pedestrian": [
    {
      "type": "pedestrian",
      "id": 0,
      "topLeftCoords": [
        162.890625,
        -13.095703
      ],
      "bottomRightCoords": [
        355.507812,
        505.019531
      ]
    }
  ]
}