{
  "vehicle": [
    {
      "type": "vehicle",
      "id": 0,
      "topLeftCoords": [
        45.641029,
        333.691406
      ],
      "bottomRightCoords": [
        398.846191,
        678.515625
      ]
    }
  ],
  "pedestrian": []
}